﻿<?xml version="1.0" encoding="utf-8" standalone="yes"?>
<FormatTemplate>
  <Droid>://Slb.GeoscienceWindow.Framework.Core.DataSource.CoreDataSource/Type=Slb.GeoscienceWindow.Framework.Core.Templates.FormatTemplate&amp;id=0a45e27e-297d-48a3-9db2-9aedec09a72d</Droid>
  <ApplicationName>Petrel</ApplicationName>
  <FrameworkVersion>2022.1</FrameworkVersion>
  <Name>Signatures</Name>
  <LastModified UtcTicks="638094240000000000" />
  <ModifiedBy>(Made by Petrel)</ModifiedBy>
  <TemplateCollection>://Slb.GeoscienceWindow.Framework.Core.DataSource.CoreDataSource/Type=Slb.GeoscienceWindow.Framework.Core.Templates.FormatTemplateCollection&amp;id=2adb3c95-f645-463f-9593-75bbc11f6eb7</TemplateCollection>
  <BoreholeTemplateItems>
    <IndexFormatTemplate>
      <Droid>://Slb.GeoscienceWindow.Framework.Core.DataSource.CoreDataSource/Type=Slb.GeoscienceWindow.Wellsection.Plugin.Petrel.Templates.IndexFormatTemplate&amp;id=adb01ed2-2003-4c52-96f5-eb0719337f53</Droid>
      <Name>Index track</Name>
      <Enabled>true</Enabled>
      <NeedToAutoRefreshCandidateList>true</NeedToAutoRefreshCandidateList>
      <AllowedParentTypes>
        <AllowedParentType>BoreholeRootFormatTemplateNode</AllowedParentType>
        <AllowedParentType>DeviatedRootFormatTemplate</AllowedParentType>
      </AllowedParentTypes>
      <Styles>
        <IndexTrackStyle>
          <Droid>://Slb.GeoscienceWindow.Framework.Core.DataSource.CoreDataSource/Type=Slb.GeoscienceWindow.Wellsection.Core.Styles.IndexTrackStyle&amp;id=b2af8006-9724-4f3a-b9a1-dc78bd4f438a</Droid>
          <FlattenAuto>true</FlattenAuto>
          <FlattenStyle>Absolute</FlattenStyle>
          <AnnotateAuto>true</AnnotateAuto>
          <AnnotateStyle>Horizontal</AnnotateStyle>
          <AnnotateAngle>-45</AnnotateAngle>
          <TickAuto>true</TickAuto>
          <TickLeft>true</TickLeft>
          <TickRight>true</TickRight>
          <DepthKind>SSTVD</DepthKind>
          <UseTrackWidth>false</UseTrackWidth>
          <UseConstantWidth>false</UseConstantWidth>
          <ConstantWidth>10</ConstantWidth>
          <UseSpecifiedTrackFont>false</UseSpecifiedTrackFont>
          <ConstantFont>8</ConstantFont>
          <UseWellScale>false</UseWellScale>
          <ShowScaleLabel>true</ShowScaleLabel>
          <ShowIndexBorders>true</ShowIndexBorders>
          <MajorIncrementAuto>true</MajorIncrementAuto>
          <MajorIncrementManualValue>100</MajorIncrementManualValue>
          <NumberOfMinorTicks>10</NumberOfMinorTicks>
        </IndexTrackStyle>
      </Styles>
      <CustomAttributes />
    </IndexFormatTemplate>
    <DataTrackFormatTemplate>
      <Droid>://Slb.GeoscienceWindow.Framework.Core.DataSource.CoreDataSource/Type=Slb.GeoscienceWindow.Wellsection.Core.Templates.DataTrackFormatTemplate&amp;id=496617f3-e39c-430b-9a64-8d80b2f323fe</Droid>
      <Name>Gamma ray</Name>
      <Enabled>true</Enabled>
      <NeedToAutoRefreshCandidateList>true</NeedToAutoRefreshCandidateList>
      <AllowedParentTypes>
        <AllowedParentType>BoreholeRootFormatTemplateNode</AllowedParentType>
        <AllowedParentType>DeviatedRootFormatTemplate</AllowedParentType>
      </AllowedParentTypes>
      <Styles>
        <TemplateInfoStyle>
          <Droid>://Slb.GeoscienceWindow.Framework.Core.DataSource.CoreDataSource/Type=Slb.GeoscienceWindow.Wellsection.Core.Styles.TemplateInfoStyle&amp;id=5d462a48-646f-4c6a-b6fc-897da935d7ab</Droid>
          <UseAutomaticNamingTag>true</UseAutomaticNamingTag>
          <NameTag>Undef</NameTag>
        </TemplateInfoStyle>
        <TrackSettingsStyle>
          <Droid>://Slb.GeoscienceWindow.Framework.Core.DataSource.CoreDataSource/Type=Slb.GeoscienceWindow.Wellsection.Core.Styles.TrackSettingsStyle&amp;id=0c279b21-8340-472a-839d-e7d2719a1c62</Droid>
          <IsDiscreteTrack>false</IsDiscreteTrack>
          <UseTrackWidth>false</UseTrackWidth>
          <TrackWidth>25</TrackWidth>
          <TrackWidthLocked>false</TrackWidthLocked>
          <GridlineType>Linear</GridlineType>
          <ValueLabelType>Cumulative</ValueLabelType>
          <AllowValueLabelOption>false</AllowValueLabelOption>
          <ShowValueLabels>true</ShowValueLabels>
          <UseVerticalLines>true</UseVerticalLines>
          <VerticalLineSpacingType>Auto</VerticalLineSpacingType>
          <VerticalLineIncrement>10</VerticalLineIncrement>
          <VerticalLineDivisions>5</VerticalLineDivisions>
          <UseMajorHorizontalLines>true</UseMajorHorizontalLines>
          <UseMinorHorizontalLines>false</UseMinorHorizontalLines>
          <UseBorderLines>true</UseBorderLines>
          <LineColor>-16777216</LineColor>
          <LineWidth>1</LineWidth>
          <BackgroundColor>-1</BackgroundColor>
          <BackgroundTransparency>0</BackgroundTransparency>
          <EndValue>1</EndValue>
          <DecadeCount>1</DecadeCount>
          <LogScale>1</LogScale>
          <UseMinorLogarithmicVerticalLines>true</UseMinorLogarithmicVerticalLines>
          <LimitMinorLogarithmicVerticalLines>true</LimitMinorLogarithmicVerticalLines>
          <AllowMixedScales>false</AllowMixedScales>
        </TrackSettingsStyle>
        <CurveFillStyle>
          <Droid>://Slb.GeoscienceWindow.Framework.Core.DataSource.CoreDataSource/Type=Slb.GeoscienceWindow.Wellsection.Core.Styles.CurveFillStyle&amp;id=c0c41947-c9ab-41af-898d-5dba02c5a300</Droid>
          <CurveFillStyleItems>
            <CurveFillStyleItem>
              <Droid>://Slb.GeoscienceWindow.Framework.Core.DataSource.CoreDataSource/Type=Slb.GeoscienceWindow.Wellsection.Core.Styles.CurveFillStyleItem&amp;id=a26a5997-eb05-42f9-9c4f-3a040eb7f0a1</Droid>
              <UseTag>true</UseTag>
              <Name>Color fill</Name>
              <!--This element is for internal use by I2DW only and does not represent any graphical information-->
              <SerializableType>Slb.GeoscienceWindow.Wellsection.Plugin.Petrel.SerializableObjects.CurveFillSerializableObject, Slb.GeoscienceWindow.Wellsection.Plugin.Petrel, Version=22.4.0.0, Culture=neutral, PublicKeyToken=14ef4a483ef6a64b</SerializableType>
              <DepthIntervalTypeFrom>Well</DepthIntervalTypeFrom>
              <DepthIntervalTypeTo>Well</DepthIntervalTypeTo>
              <DepthIntervalMDFrom>0</DepthIntervalMDFrom>
              <DepthIntervalMDTo>2000</DepthIntervalMDTo>
              <FillEdgeTypeFrom>PanelEdge</FillEdgeTypeFrom>
              <FillEdgeTypeTo>Curve</FillEdgeTypeTo>
              <FillEdgeLevelFrom>0</FillEdgeLevelFrom>
              <FillEdgeLevelTo>0</FillEdgeLevelTo>
              <FillEdgeCurveFrom>V=1&amp;Node.Id=%3A%2F%2FSlb.GeoscienceWindow.Framework.Core.DataSource.CoreDataSource%2FType%3DSlb.GeoscienceWindow.Wellsection.Plugin.Petrel.Templates.LogFormatTemplate%26id%3D5bd68761-de86-4320-8ec0-722eeba5dff5</FillEdgeCurveFrom>
              <FillEdgeCurveTo>V=1&amp;Node.Id=%3A%2F%2FSlb.GeoscienceWindow.Framework.Core.DataSource.CoreDataSource%2FType%3DSlb.GeoscienceWindow.Wellsection.Plugin.Petrel.Templates.LogFormatTemplate%26id%3D5bd68761-de86-4320-8ec0-722eeba5dff5</FillEdgeCurveTo>
              <CrossoverType>None</CrossoverType>
              <ColorAsProperty>V=1&amp;Node.Id=%3A%2F%2FSlb.GeoscienceWindow.Framework.Core.DataSource.CoreDataSource%2FType%3DSlb.GeoscienceWindow.Wellsection.Plugin.Petrel.Templates.LogFormatTemplate%26id%3D5bd68761-de86-4320-8ec0-722eeba5dff5</ColorAsProperty>
              <ColorAsGridProperty></ColorAsGridProperty>
              <ColorAsWellPointProperty></ColorAsWellPointProperty>
              <UsePatternPos>false</UsePatternPos>
              <PatternIndexPos>34</PatternIndexPos>
              <PatternColorPos>-16777216</PatternColorPos>
              <FillColorTypePos>AsDefined</FillColorTypePos>
              <FillColorPos>-5921371</FillColorPos>
              <UsePatternNeg>false</UsePatternNeg>
              <PatternIndexNeg>6</PatternIndexNeg>
              <PatternColorNeg>-16777216</PatternColorNeg>
              <FillColorTypeNeg>None</FillColorTypeNeg>
              <FillColorNeg>0</FillColorNeg>
              <UseHandlerTag>://empty/empty</UseHandlerTag>
              <DataTypeEnumTag>WellLog</DataTypeEnumTag>
              <UseDODepthRange>false</UseDODepthRange>
              <Owner>://empty/empty</Owner>
              <Transparency>255</Transparency>
              <ShowReferenceLines>false</ShowReferenceLines>
            </CurveFillStyleItem>
          </CurveFillStyleItems>
        </CurveFillStyle>
      </Styles>
      <Children>
        <LogFormatTemplate>
          <Droid>://Slb.GeoscienceWindow.Framework.Core.DataSource.CoreDataSource/Type=Slb.GeoscienceWindow.Wellsection.Plugin.Petrel.Templates.LogFormatTemplate&amp;id=5bd68761-de86-4320-8ec0-722eeba5dff5</Droid>
          <Name>Gamma ray</Name>
          <Enabled>true</Enabled>
          <NeedToAutoRefreshCandidateList>true</NeedToAutoRefreshCandidateList>
          <AllowedParentTypes>
            <AllowedParentType>DataTrackFormatTemplate</AllowedParentType>
          </AllowedParentTypes>
          <Styles>
            <TemplateInfoStyle>
              <Droid>://Slb.GeoscienceWindow.Framework.Core.DataSource.CoreDataSource/Type=Slb.GeoscienceWindow.Wellsection.Core.Styles.TemplateInfoStyle&amp;id=e8aee22b-096b-423f-8ebb-5acd8f716ede</Droid>
              <UseAutomaticNamingTag>true</UseAutomaticNamingTag>
              <NameTag>Undef</NameTag>
            </TemplateInfoStyle>
            <WellLogTemplateDefinitionStyle>
              <Droid>://Slb.GeoscienceWindow.Framework.Core.DataSource.CoreDataSource/Type=Slb.GeoscienceWindow.Wellsection.Plugin.Petrel.Styles.TemplateDefinition.WellLogTemplateDefinitionStyle&amp;id=f17b9313-d516-41c9-96fe-d6d6075357ee</Droid>
              <PrimaryDomainObject>V=1&amp;Template.Droid=%3A%2F%2F1d9a2dd1-dd1d-4676-a92e-6057e64d33c2%2F00000032-0000-0000-0000-000000000000&amp;Template.Name=Gamma%20ray</PrimaryDomainObject>
              <SecondaryDomainObject></SecondaryDomainObject>
              <TertiaryDomainObject></TertiaryDomainObject>
              <IsTertiaryCheckBoxChecked>false</IsTertiaryCheckBoxChecked>
              <FilterString></FilterString>
              <MatchSimilar>false</MatchSimilar>
              <IsCreatedFromTemplatePage>true</IsCreatedFromTemplatePage>
              <DefinitionEntries />
            </WellLogTemplateDefinitionStyle>
            <WellLogGeneralSettingsStyle>
              <Droid>://Slb.GeoscienceWindow.Framework.Core.DataSource.CoreDataSource/Type=Slb.GeoscienceWindow.Wellsection.Plugin.Petrel.Styles.WellLogGeneralSettingsStyle&amp;id=2bab2699-48f3-469f-b8c8-c6d408f991d9</Droid>
              <CurveLimitMethod>Auto</CurveLimitMethod>
              <UseMinValue>true</UseMinValue>
              <UseMaxValue>true</UseMaxValue>
              <MinValue>0</MinValue>
              <MaxValue>150</MaxValue>
              <Direction>Normal</Direction>
              <WrapLog>None</WrapLog>
            </WellLogGeneralSettingsStyle>
            <WellLog2DLogStyle>
              <Droid>://Slb.GeoscienceWindow.Framework.Core.DataSource.CoreDataSource/Type=Slb.GeoscienceWindow.Wellsection.Plugin.Petrel.Styles.WellLog2DLogStyle&amp;id=671b1901-9dc9-4deb-95e4-bfa5a56bd48f</Droid>
              <DisplayMode>Line</DisplayMode>
              <LineColorType>Black</LineColorType>
              <LineColor>-65536</LineColor>
              <LineWidth>1</LineWidth>
              <LineType>Solid</LineType>
              <BlockCurve>NONE</BlockCurve>
              <PointColorType>Black</PointColorType>
              <PointColor>-65536</PointColor>
              <PointColorAttributeDroid>://empty/empty</PointColorAttributeDroid>
              <FillSymbolWithDiscretePattern>false</FillSymbolWithDiscretePattern>
              <PointsSize>5</PointsSize>
              <PointsSymbol>Circle</PointsSymbol>
              <DictionaryBorder>true</DictionaryBorder>
              <DictionaryColorFill>true</DictionaryColorFill>
              <DictionaryPattern>false</DictionaryPattern>
              <DictionaryText>true</DictionaryText>
              <UseAutoSettingForWrap>true</UseAutoSettingForWrap>
              <MinWrapColorType>Black</MinWrapColorType>
              <MinWrapColor>-16777216</MinWrapColor>
              <MinWrapStyle>Dotted</MinWrapStyle>
              <MinWrapWidth>1</MinWrapWidth>
              <MaxWrapColorType>Black</MaxWrapColorType>
              <MaxWrapColor>-16777216</MaxWrapColor>
              <MaxWrapWidth>1</MaxWrapWidth>
              <MaxWrapStyle>Dotted</MaxWrapStyle>
              <MinWrapFillColorType>None</MinWrapFillColorType>
              <MinWrapFillColor>16777215</MinWrapFillColor>
              <MaxWrapFillColorType>None</MaxWrapFillColorType>
              <MaxWrapFillColor>16777215</MaxWrapFillColor>
            </WellLog2DLogStyle>
            <WellLogHeaderStyle>
              <Droid>://Slb.GeoscienceWindow.Framework.Core.DataSource.CoreDataSource/Type=Slb.GeoscienceWindow.Wellsection.Plugin.Petrel.Styles.WellLogHeaderStyle&amp;id=143bec5b-d1e3-4f57-b6e5-a94985c4899e</Droid>
              <UseCustomHeaderText>false</UseCustomHeaderText>
              <CustomHeaderText></CustomHeaderText>
              <ShowSourceForDerived>false</ShowSourceForDerived>
              <HeaderColorFontStyle>
                <HeaderColorFontStyle>
                  <Droid>://Slb.GeoscienceWindow.Framework.Core.DataSource.CoreDataSource/Type=Slb.GeoscienceWindow.Wellsection.Core.Styles.HeaderColorFontStyle&amp;id=731b80f1-4b36-4267-8cb6-48e735012012</Droid>
                  <Show>false</Show>
                  <NameFontStyle>
                    <ColoredFontStyle>
                      <Droid>://Slb.GeoscienceWindow.Framework.Core.DataSource.CoreDataSource/Type=Slb.GeoscienceWindow.Wellsection.Core.Styles.ColoredFontStyle&amp;id=d2a6271e-a89b-4899-963a-8ef8ea413dbd</Droid>
                      <Visible>true</Visible>
                      <ColorType>Specified</ColorType>
                      <Color>-16777216</Color>
                      <FontType>
                        <FontType>
                          <Droid>://Slb.GeoscienceWindow.Framework.Core.DataSource.CoreDataSource/Type=Slb.GeoscienceWindow.Framework.Core.Styles.FontType&amp;id=094937fe-5477-46e3-8860-50dc5c8ac938</Droid>
                          <Size>10</Size>
                          <Bold>false</Bold>
                          <Italics>false</Italics>
                          <Underline>false</Underline>
                        </FontType>
                      </FontType>
                    </ColoredFontStyle>
                  </NameFontStyle>
                  <ScaleFontStyle>
                    <ColoredFontStyle>
                      <Droid>://Slb.GeoscienceWindow.Framework.Core.DataSource.CoreDataSource/Type=Slb.GeoscienceWindow.Wellsection.Core.Styles.ColoredFontStyle&amp;id=31ddb34d-cec6-4ebd-ba33-74b0f8393a32</Droid>
                      <Visible>true</Visible>
                      <ColorType>Specified</ColorType>
                      <Color>-16777216</Color>
                      <FontType>
                        <FontType>
                          <Droid>://Slb.GeoscienceWindow.Framework.Core.DataSource.CoreDataSource/Type=Slb.GeoscienceWindow.Framework.Core.Styles.FontType&amp;id=334e8436-7b58-4cd3-9ad6-d769fb909446</Droid>
                          <Size>6</Size>
                          <Bold>false</Bold>
                          <Italics>false</Italics>
                          <Underline>false</Underline>
                        </FontType>
                      </FontType>
                    </ColoredFontStyle>
                  </ScaleFontStyle>
                  <ColorFillFontStyle>
                    <ColoredFontStyle>
                      <Droid>://Slb.GeoscienceWindow.Framework.Core.DataSource.CoreDataSource/Type=Slb.GeoscienceWindow.Wellsection.Core.Styles.ColoredFontStyle&amp;id=ea1632a7-eb51-478f-9380-d2e63426927e</Droid>
                      <Visible>true</Visible>
                      <ColorType>Specified</ColorType>
                      <Color>-16777216</Color>
                      <FontType>
                        <FontType>
                          <Droid>://Slb.GeoscienceWindow.Framework.Core.DataSource.CoreDataSource/Type=Slb.GeoscienceWindow.Framework.Core.Styles.FontType&amp;id=9d79052c-5d10-4d28-b317-a28136f55d84</Droid>
                          <Size>6</Size>
                          <Bold>false</Bold>
                          <Italics>false</Italics>
                          <Underline>false</Underline>
                        </FontType>
                      </FontType>
                    </ColoredFontStyle>
                  </ColorFillFontStyle>
                  <Visible>true</Visible>
                </HeaderColorFontStyle>
              </HeaderColorFontStyle>
            </WellLogHeaderStyle>
          </Styles>
          <CustomAttributes />
        </LogFormatTemplate>
      </Children>
      <CustomAttributes />
    </DataTrackFormatTemplate>
    <DataTrackFormatTemplate>
      <Droid>://Slb.GeoscienceWindow.Framework.Core.DataSource.CoreDataSource/Type=Slb.GeoscienceWindow.Wellsection.Core.Templates.DataTrackFormatTemplate&amp;id=31ca626c-8918-43bc-89a9-16f19b3c79b8</Droid>
      <Name>Porosity</Name>
      <Enabled>true</Enabled>
      <NeedToAutoRefreshCandidateList>true</NeedToAutoRefreshCandidateList>
      <AllowedParentTypes>
        <AllowedParentType>BoreholeRootFormatTemplateNode</AllowedParentType>
        <AllowedParentType>DeviatedRootFormatTemplate</AllowedParentType>
      </AllowedParentTypes>
      <Styles>
        <TemplateInfoStyle>
          <Droid>://Slb.GeoscienceWindow.Framework.Core.DataSource.CoreDataSource/Type=Slb.GeoscienceWindow.Wellsection.Core.Styles.TemplateInfoStyle&amp;id=3272751e-3c85-4fe9-8008-c2d5a5ec4a3a</Droid>
          <UseAutomaticNamingTag>true</UseAutomaticNamingTag>
          <NameTag>Undef</NameTag>
        </TemplateInfoStyle>
        <TrackSettingsStyle>
          <Droid>://Slb.GeoscienceWindow.Framework.Core.DataSource.CoreDataSource/Type=Slb.GeoscienceWindow.Wellsection.Core.Styles.TrackSettingsStyle&amp;id=ad4e8a71-798a-40ef-8f5e-6341bd282f5d</Droid>
          <IsDiscreteTrack>false</IsDiscreteTrack>
          <UseTrackWidth>false</UseTrackWidth>
          <TrackWidth>25</TrackWidth>
          <TrackWidthLocked>false</TrackWidthLocked>
          <GridlineType>Linear</GridlineType>
          <ValueLabelType>Cumulative</ValueLabelType>
          <AllowValueLabelOption>false</AllowValueLabelOption>
          <ShowValueLabels>true</ShowValueLabels>
          <UseVerticalLines>true</UseVerticalLines>
          <VerticalLineSpacingType>Auto</VerticalLineSpacingType>
          <VerticalLineIncrement>10</VerticalLineIncrement>
          <VerticalLineDivisions>5</VerticalLineDivisions>
          <UseMajorHorizontalLines>true</UseMajorHorizontalLines>
          <UseMinorHorizontalLines>false</UseMinorHorizontalLines>
          <UseBorderLines>true</UseBorderLines>
          <LineColor>-16777216</LineColor>
          <LineWidth>1</LineWidth>
          <BackgroundColor>-1</BackgroundColor>
          <BackgroundTransparency>0</BackgroundTransparency>
          <EndValue>1</EndValue>
          <DecadeCount>1</DecadeCount>
          <LogScale>1</LogScale>
          <UseMinorLogarithmicVerticalLines>true</UseMinorLogarithmicVerticalLines>
          <LimitMinorLogarithmicVerticalLines>true</LimitMinorLogarithmicVerticalLines>
          <AllowMixedScales>false</AllowMixedScales>
        </TrackSettingsStyle>
        <CurveFillStyle>
          <Droid>://Slb.GeoscienceWindow.Framework.Core.DataSource.CoreDataSource/Type=Slb.GeoscienceWindow.Wellsection.Core.Styles.CurveFillStyle&amp;id=3b4edb89-c73c-4ac3-b95a-9901b26c6be2</Droid>
          <CurveFillStyleItems />
        </CurveFillStyle>
      </Styles>
      <Children>
        <LogFormatTemplate>
          <Droid>://Slb.GeoscienceWindow.Framework.Core.DataSource.CoreDataSource/Type=Slb.GeoscienceWindow.Wellsection.Plugin.Petrel.Templates.LogFormatTemplate&amp;id=7e564b81-9af8-4dc8-ab62-d958e11047cc</Droid>
          <Name>Porosity</Name>
          <Enabled>true</Enabled>
          <NeedToAutoRefreshCandidateList>true</NeedToAutoRefreshCandidateList>
          <AllowedParentTypes>
            <AllowedParentType>DataTrackFormatTemplate</AllowedParentType>
          </AllowedParentTypes>
          <Styles>
            <TemplateInfoStyle>
              <Droid>://Slb.GeoscienceWindow.Framework.Core.DataSource.CoreDataSource/Type=Slb.GeoscienceWindow.Wellsection.Core.Styles.TemplateInfoStyle&amp;id=d0dcf178-a34c-4a66-8d74-cb8a0627c899</Droid>
              <UseAutomaticNamingTag>true</UseAutomaticNamingTag>
              <NameTag>Undef</NameTag>
            </TemplateInfoStyle>
            <WellLogTemplateDefinitionStyle>
              <Droid>://Slb.GeoscienceWindow.Framework.Core.DataSource.CoreDataSource/Type=Slb.GeoscienceWindow.Wellsection.Plugin.Petrel.Styles.TemplateDefinition.WellLogTemplateDefinitionStyle&amp;id=a86854c1-0eec-44e3-829e-3403112a5a7a</Droid>
              <PrimaryDomainObject>V=1&amp;Template.Droid=%3A%2F%2F1d9a2dd1-dd1d-4676-a92e-6057e64d33c2%2F00000014-0000-0000-0000-000000000000&amp;Template.Name=Porosity</PrimaryDomainObject>
              <SecondaryDomainObject></SecondaryDomainObject>
              <TertiaryDomainObject></TertiaryDomainObject>
              <IsTertiaryCheckBoxChecked>false</IsTertiaryCheckBoxChecked>
              <FilterString></FilterString>
              <MatchSimilar>false</MatchSimilar>
              <IsCreatedFromTemplatePage>true</IsCreatedFromTemplatePage>
              <DefinitionEntries />
            </WellLogTemplateDefinitionStyle>
            <WellLogGeneralSettingsStyle>
              <Droid>://Slb.GeoscienceWindow.Framework.Core.DataSource.CoreDataSource/Type=Slb.GeoscienceWindow.Wellsection.Plugin.Petrel.Styles.WellLogGeneralSettingsStyle&amp;id=b4703df7-b279-4be2-87d1-a5bafa47f4de</Droid>
              <CurveLimitMethod>Auto</CurveLimitMethod>
              <UseMinValue>true</UseMinValue>
              <UseMaxValue>true</UseMaxValue>
              <MinValue>0</MinValue>
              <MaxValue>0.5</MaxValue>
              <Direction>Normal</Direction>
              <WrapLog>None</WrapLog>
            </WellLogGeneralSettingsStyle>
            <WellLog2DLogStyle>
              <Droid>://Slb.GeoscienceWindow.Framework.Core.DataSource.CoreDataSource/Type=Slb.GeoscienceWindow.Wellsection.Plugin.Petrel.Styles.WellLog2DLogStyle&amp;id=675096c2-2605-4338-acf5-24f2cac3f053</Droid>
              <DisplayMode>Line</DisplayMode>
              <LineColorType>Other</LineColorType>
              <LineColor>-3371008</LineColor>
              <LineWidth>1</LineWidth>
              <LineType>Solid</LineType>
              <BlockCurve>NONE</BlockCurve>
              <PointColorType>Black</PointColorType>
              <PointColor>-65536</PointColor>
              <PointColorAttributeDroid>://empty/empty</PointColorAttributeDroid>
              <FillSymbolWithDiscretePattern>false</FillSymbolWithDiscretePattern>
              <PointsSize>5</PointsSize>
              <PointsSymbol>Circle</PointsSymbol>
              <DictionaryBorder>true</DictionaryBorder>
              <DictionaryColorFill>true</DictionaryColorFill>
              <DictionaryPattern>false</DictionaryPattern>
              <DictionaryText>true</DictionaryText>
              <UseAutoSettingForWrap>true</UseAutoSettingForWrap>
              <MinWrapColorType>Black</MinWrapColorType>
              <MinWrapColor>-16777216</MinWrapColor>
              <MinWrapStyle>Dotted</MinWrapStyle>
              <MinWrapWidth>1</MinWrapWidth>
              <MaxWrapColorType>Black</MaxWrapColorType>
              <MaxWrapColor>-16777216</MaxWrapColor>
              <MaxWrapWidth>1</MaxWrapWidth>
              <MaxWrapStyle>Dotted</MaxWrapStyle>
              <MinWrapFillColorType>None</MinWrapFillColorType>
              <MinWrapFillColor>16777215</MinWrapFillColor>
              <MaxWrapFillColorType>None</MaxWrapFillColorType>
              <MaxWrapFillColor>16777215</MaxWrapFillColor>
            </WellLog2DLogStyle>
            <WellLogHeaderStyle>
              <Droid>://Slb.GeoscienceWindow.Framework.Core.DataSource.CoreDataSource/Type=Slb.GeoscienceWindow.Wellsection.Plugin.Petrel.Styles.WellLogHeaderStyle&amp;id=4f8a38c2-aec5-4468-a2e4-d72ffbf717e9</Droid>
              <UseCustomHeaderText>false</UseCustomHeaderText>
              <CustomHeaderText></CustomHeaderText>
              <ShowSourceForDerived>false</ShowSourceForDerived>
              <HeaderColorFontStyle>
                <HeaderColorFontStyle>
                  <Droid>://Slb.GeoscienceWindow.Framework.Core.DataSource.CoreDataSource/Type=Slb.GeoscienceWindow.Wellsection.Core.Styles.HeaderColorFontStyle&amp;id=979e4d6b-1b19-4243-ae54-e6a3a0e6ee6c</Droid>
                  <Show>false</Show>
                  <NameFontStyle>
                    <ColoredFontStyle>
                      <Droid>://Slb.GeoscienceWindow.Framework.Core.DataSource.CoreDataSource/Type=Slb.GeoscienceWindow.Wellsection.Core.Styles.ColoredFontStyle&amp;id=ac295818-c029-4e8a-9faf-5377c4aaa04b</Droid>
                      <Visible>true</Visible>
                      <ColorType>Specified</ColorType>
                      <Color>-16777216</Color>
                      <FontType>
                        <FontType>
                          <Droid>://Slb.GeoscienceWindow.Framework.Core.DataSource.CoreDataSource/Type=Slb.GeoscienceWindow.Framework.Core.Styles.FontType&amp;id=99b91046-c55e-49b2-8404-a0b39be5c920</Droid>
                          <Size>10</Size>
                          <Bold>false</Bold>
                          <Italics>false</Italics>
                          <Underline>false</Underline>
                        </FontType>
                      </FontType>
                    </ColoredFontStyle>
                  </NameFontStyle>
                  <ScaleFontStyle>
                    <ColoredFontStyle>
                      <Droid>://Slb.GeoscienceWindow.Framework.Core.DataSource.CoreDataSource/Type=Slb.GeoscienceWindow.Wellsection.Core.Styles.ColoredFontStyle&amp;id=61c6c4a8-7a94-4a08-a524-c99c29cc15d1</Droid>
                      <Visible>true</Visible>
                      <ColorType>Specified</ColorType>
                      <Color>-16777216</Color>
                      <FontType>
                        <FontType>
                          <Droid>://Slb.GeoscienceWindow.Framework.Core.DataSource.CoreDataSource/Type=Slb.GeoscienceWindow.Framework.Core.Styles.FontType&amp;id=188ff186-c765-42c2-ba9e-6b41a4d4e4d0</Droid>
                          <Size>6</Size>
                          <Bold>false</Bold>
                          <Italics>false</Italics>
                          <Underline>false</Underline>
                        </FontType>
                      </FontType>
                    </ColoredFontStyle>
                  </ScaleFontStyle>
                  <ColorFillFontStyle>
                    <ColoredFontStyle>
                      <Droid>://Slb.GeoscienceWindow.Framework.Core.DataSource.CoreDataSource/Type=Slb.GeoscienceWindow.Wellsection.Core.Styles.ColoredFontStyle&amp;id=71a2585f-a050-441f-b63e-4a0cfd9494ca</Droid>
                      <Visible>true</Visible>
                      <ColorType>Specified</ColorType>
                      <Color>-16777216</Color>
                      <FontType>
                        <FontType>
                          <Droid>://Slb.GeoscienceWindow.Framework.Core.DataSource.CoreDataSource/Type=Slb.GeoscienceWindow.Framework.Core.Styles.FontType&amp;id=5d89a231-34fe-44c7-b2f6-7d883ae8b8b3</Droid>
                          <Size>6</Size>
                          <Bold>false</Bold>
                          <Italics>false</Italics>
                          <Underline>false</Underline>
                        </FontType>
                      </FontType>
                    </ColoredFontStyle>
                  </ColorFillFontStyle>
                  <Visible>true</Visible>
                </HeaderColorFontStyle>
              </HeaderColorFontStyle>
            </WellLogHeaderStyle>
          </Styles>
          <CustomAttributes />
        </LogFormatTemplate>
      </Children>
      <CustomAttributes />
    </DataTrackFormatTemplate>
  </BoreholeTemplateItems>
  <WellsectionTemplateItems />
  <CorrelationTemplateItems />
  <DeviatedTemplateItems>
    <IndexFormatTemplate>
      <Droid>://Slb.GeoscienceWindow.Framework.Core.DataSource.CoreDataSource/Type=Slb.GeoscienceWindow.Wellsection.Plugin.Petrel.Templates.IndexFormatTemplate&amp;id=c0c854dd-8056-4020-a57a-266602e690cd</Droid>
      <Name>Index track</Name>
      <Enabled>true</Enabled>
      <NeedToAutoRefreshCandidateList>true</NeedToAutoRefreshCandidateList>
      <AllowedParentTypes>
        <AllowedParentType>BoreholeRootFormatTemplateNode</AllowedParentType>
        <AllowedParentType>DeviatedRootFormatTemplate</AllowedParentType>
      </AllowedParentTypes>
      <Styles>
        <IndexTrackStyle>
          <Droid>://Slb.GeoscienceWindow.Framework.Core.DataSource.CoreDataSource/Type=Slb.GeoscienceWindow.Wellsection.Core.Styles.IndexTrackStyle&amp;id=c4585d10-275d-4bca-a606-d58146ca2f3e</Droid>
          <FlattenAuto>true</FlattenAuto>
          <FlattenStyle>Absolute</FlattenStyle>
          <AnnotateAuto>true</AnnotateAuto>
          <AnnotateStyle>Horizontal</AnnotateStyle>
          <AnnotateAngle>-45</AnnotateAngle>
          <TickAuto>true</TickAuto>
          <TickLeft>true</TickLeft>
          <TickRight>true</TickRight>
          <DepthKind>SSTVD</DepthKind>
          <UseTrackWidth>false</UseTrackWidth>
          <UseConstantWidth>false</UseConstantWidth>
          <ConstantWidth>10</ConstantWidth>
          <UseSpecifiedTrackFont>false</UseSpecifiedTrackFont>
          <ConstantFont>8</ConstantFont>
          <UseWellScale>false</UseWellScale>
          <ShowScaleLabel>true</ShowScaleLabel>
          <ShowIndexBorders>true</ShowIndexBorders>
          <MajorIncrementAuto>true</MajorIncrementAuto>
          <MajorIncrementManualValue>100</MajorIncrementManualValue>
          <NumberOfMinorTicks>10</NumberOfMinorTicks>
        </IndexTrackStyle>
      </Styles>
      <CustomAttributes />
    </IndexFormatTemplate>
    <DataTrackFormatTemplate>
      <Droid>://Slb.GeoscienceWindow.Framework.Core.DataSource.CoreDataSource/Type=Slb.GeoscienceWindow.Wellsection.Core.Templates.DataTrackFormatTemplate&amp;id=7f63ebf3-aa3b-41bd-bbdb-3b1b911b58bd</Droid>
      <Name>Gamma ray</Name>
      <Enabled>true</Enabled>
      <NeedToAutoRefreshCandidateList>true</NeedToAutoRefreshCandidateList>
      <AllowedParentTypes>
        <AllowedParentType>BoreholeRootFormatTemplateNode</AllowedParentType>
        <AllowedParentType>DeviatedRootFormatTemplate</AllowedParentType>
      </AllowedParentTypes>
      <Styles>
        <TemplateInfoStyle>
          <Droid>://Slb.GeoscienceWindow.Framework.Core.DataSource.CoreDataSource/Type=Slb.GeoscienceWindow.Wellsection.Core.Styles.TemplateInfoStyle&amp;id=b1b1840f-2894-42cd-9e6f-780e7b371db2</Droid>
          <UseAutomaticNamingTag>true</UseAutomaticNamingTag>
          <NameTag>Undef</NameTag>
        </TemplateInfoStyle>
        <TrackSettingsStyle>
          <Droid>://Slb.GeoscienceWindow.Framework.Core.DataSource.CoreDataSource/Type=Slb.GeoscienceWindow.Wellsection.Core.Styles.TrackSettingsStyle&amp;id=91944431-3e6e-4841-a097-7b9f516cd715</Droid>
          <IsDiscreteTrack>false</IsDiscreteTrack>
          <UseTrackWidth>false</UseTrackWidth>
          <TrackWidth>25</TrackWidth>
          <TrackWidthLocked>false</TrackWidthLocked>
          <GridlineType>Linear</GridlineType>
          <ValueLabelType>Cumulative</ValueLabelType>
          <AllowValueLabelOption>false</AllowValueLabelOption>
          <ShowValueLabels>true</ShowValueLabels>
          <UseVerticalLines>true</UseVerticalLines>
          <VerticalLineSpacingType>Auto</VerticalLineSpacingType>
          <VerticalLineIncrement>10</VerticalLineIncrement>
          <VerticalLineDivisions>5</VerticalLineDivisions>
          <UseMajorHorizontalLines>true</UseMajorHorizontalLines>
          <UseMinorHorizontalLines>false</UseMinorHorizontalLines>
          <UseBorderLines>true</UseBorderLines>
          <LineColor>-16777216</LineColor>
          <LineWidth>1</LineWidth>
          <BackgroundColor>-1</BackgroundColor>
          <BackgroundTransparency>0</BackgroundTransparency>
          <EndValue>1</EndValue>
          <DecadeCount>1</DecadeCount>
          <LogScale>1</LogScale>
          <UseMinorLogarithmicVerticalLines>true</UseMinorLogarithmicVerticalLines>
          <LimitMinorLogarithmicVerticalLines>true</LimitMinorLogarithmicVerticalLines>
          <AllowMixedScales>false</AllowMixedScales>
        </TrackSettingsStyle>
        <CurveFillStyle>
          <Droid>://Slb.GeoscienceWindow.Framework.Core.DataSource.CoreDataSource/Type=Slb.GeoscienceWindow.Wellsection.Core.Styles.CurveFillStyle&amp;id=804d4d3c-94f4-40c7-9a56-f841104fb3d4</Droid>
          <CurveFillStyleItems>
            <CurveFillStyleItem>
              <Droid>://Slb.GeoscienceWindow.Framework.Core.DataSource.CoreDataSource/Type=Slb.GeoscienceWindow.Wellsection.Core.Styles.CurveFillStyleItem&amp;id=88d00807-b495-4394-87e7-cd3700941d97</Droid>
              <UseTag>true</UseTag>
              <Name>Color fill</Name>
              <!--This element is for internal use by I2DW only and does not represent any graphical information-->
              <SerializableType>Slb.GeoscienceWindow.Wellsection.Plugin.Petrel.SerializableObjects.CurveFillSerializableObject, Slb.GeoscienceWindow.Wellsection.Plugin.Petrel, Version=22.4.0.0, Culture=neutral, PublicKeyToken=14ef4a483ef6a64b</SerializableType>
              <DepthIntervalTypeFrom>Well</DepthIntervalTypeFrom>
              <DepthIntervalTypeTo>Well</DepthIntervalTypeTo>
              <DepthIntervalMDFrom>0</DepthIntervalMDFrom>
              <DepthIntervalMDTo>2000</DepthIntervalMDTo>
              <FillEdgeTypeFrom>PanelEdge</FillEdgeTypeFrom>
              <FillEdgeTypeTo>Curve</FillEdgeTypeTo>
              <FillEdgeLevelFrom>0</FillEdgeLevelFrom>
              <FillEdgeLevelTo>0</FillEdgeLevelTo>
              <FillEdgeCurveFrom>V=1&amp;Node.Id=%3A%2F%2FSlb.GeoscienceWindow.Framework.Core.DataSource.CoreDataSource%2FType%3DSlb.GeoscienceWindow.Wellsection.Plugin.Petrel.Templates.LogFormatTemplate%26id%3Db39149fa-118a-41fb-9a87-2987025e3344</FillEdgeCurveFrom>
              <FillEdgeCurveTo>V=1&amp;Node.Id=%3A%2F%2FSlb.GeoscienceWindow.Framework.Core.DataSource.CoreDataSource%2FType%3DSlb.GeoscienceWindow.Wellsection.Plugin.Petrel.Templates.LogFormatTemplate%26id%3Db39149fa-118a-41fb-9a87-2987025e3344</FillEdgeCurveTo>
              <CrossoverType>None</CrossoverType>
              <ColorAsProperty>V=1&amp;Node.Id=%3A%2F%2FSlb.GeoscienceWindow.Framework.Core.DataSource.CoreDataSource%2FType%3DSlb.GeoscienceWindow.Wellsection.Plugin.Petrel.Templates.LogFormatTemplate%26id%3Db39149fa-118a-41fb-9a87-2987025e3344</ColorAsProperty>
              <ColorAsGridProperty></ColorAsGridProperty>
              <ColorAsWellPointProperty></ColorAsWellPointProperty>
              <UsePatternPos>false</UsePatternPos>
              <PatternIndexPos>34</PatternIndexPos>
              <PatternColorPos>-16777216</PatternColorPos>
              <FillColorTypePos>AsDefined</FillColorTypePos>
              <FillColorPos>-5921371</FillColorPos>
              <UsePatternNeg>false</UsePatternNeg>
              <PatternIndexNeg>6</PatternIndexNeg>
              <PatternColorNeg>-16777216</PatternColorNeg>
              <FillColorTypeNeg>None</FillColorTypeNeg>
              <FillColorNeg>0</FillColorNeg>
              <UseHandlerTag>://empty/empty</UseHandlerTag>
              <DataTypeEnumTag>WellLog</DataTypeEnumTag>
              <UseDODepthRange>false</UseDODepthRange>
              <Owner>://empty/empty</Owner>
              <Transparency>255</Transparency>
              <ShowReferenceLines>true</ShowReferenceLines>
            </CurveFillStyleItem>
          </CurveFillStyleItems>
        </CurveFillStyle>
      </Styles>
      <Children>
        <LogFormatTemplate>
          <Droid>://Slb.GeoscienceWindow.Framework.Core.DataSource.CoreDataSource/Type=Slb.GeoscienceWindow.Wellsection.Plugin.Petrel.Templates.LogFormatTemplate&amp;id=b39149fa-118a-41fb-9a87-2987025e3344</Droid>
          <Name>Gamma ray</Name>
          <Enabled>true</Enabled>
          <NeedToAutoRefreshCandidateList>true</NeedToAutoRefreshCandidateList>
          <AllowedParentTypes>
            <AllowedParentType>DataTrackFormatTemplate</AllowedParentType>
          </AllowedParentTypes>
          <Styles>
            <TemplateInfoStyle>
              <Droid>://Slb.GeoscienceWindow.Framework.Core.DataSource.CoreDataSource/Type=Slb.GeoscienceWindow.Wellsection.Core.Styles.TemplateInfoStyle&amp;id=196a2880-333a-4121-b849-31484b8b65f7</Droid>
              <UseAutomaticNamingTag>true</UseAutomaticNamingTag>
              <NameTag>Undef</NameTag>
            </TemplateInfoStyle>
            <WellLogTemplateDefinitionStyle>
              <Droid>://Slb.GeoscienceWindow.Framework.Core.DataSource.CoreDataSource/Type=Slb.GeoscienceWindow.Wellsection.Plugin.Petrel.Styles.TemplateDefinition.WellLogTemplateDefinitionStyle&amp;id=ed826b4f-699a-431a-9e30-bcff8658db5f</Droid>
              <PrimaryDomainObject>V=1&amp;Template.Droid=%3A%2F%2F1d9a2dd1-dd1d-4676-a92e-6057e64d33c2%2F00000032-0000-0000-0000-000000000000&amp;Template.Name=Gamma%20ray</PrimaryDomainObject>
              <SecondaryDomainObject></SecondaryDomainObject>
              <TertiaryDomainObject></TertiaryDomainObject>
              <IsTertiaryCheckBoxChecked>false</IsTertiaryCheckBoxChecked>
              <FilterString></FilterString>
              <MatchSimilar>false</MatchSimilar>
              <IsCreatedFromTemplatePage>true</IsCreatedFromTemplatePage>
              <DefinitionEntries />
            </WellLogTemplateDefinitionStyle>
            <WellLogGeneralSettingsStyle>
              <Droid>://Slb.GeoscienceWindow.Framework.Core.DataSource.CoreDataSource/Type=Slb.GeoscienceWindow.Wellsection.Plugin.Petrel.Styles.WellLogGeneralSettingsStyle&amp;id=bfc5a02b-1fb3-4bf3-afa4-97aac90eec4c</Droid>
              <CurveLimitMethod>Auto</CurveLimitMethod>
              <UseMinValue>true</UseMinValue>
              <UseMaxValue>true</UseMaxValue>
              <MinValue>0</MinValue>
              <MaxValue>150</MaxValue>
              <Direction>Normal</Direction>
              <WrapLog>None</WrapLog>
            </WellLogGeneralSettingsStyle>
            <WellLog2DLogStyle>
              <Droid>://Slb.GeoscienceWindow.Framework.Core.DataSource.CoreDataSource/Type=Slb.GeoscienceWindow.Wellsection.Plugin.Petrel.Styles.WellLog2DLogStyle&amp;id=e41b4de0-3110-4916-936c-580ff662b25a</Droid>
              <DisplayMode>Line</DisplayMode>
              <LineColorType>Black</LineColorType>
              <LineColor>-65536</LineColor>
              <LineWidth>1</LineWidth>
              <LineType>Solid</LineType>
              <BlockCurve>NONE</BlockCurve>
              <PointColorType>Black</PointColorType>
              <PointColor>-65536</PointColor>
              <PointColorAttributeDroid>://empty/empty</PointColorAttributeDroid>
              <FillSymbolWithDiscretePattern>false</FillSymbolWithDiscretePattern>
              <PointsSize>5</PointsSize>
              <PointsSymbol>Circle</PointsSymbol>
              <DictionaryBorder>true</DictionaryBorder>
              <DictionaryColorFill>true</DictionaryColorFill>
              <DictionaryPattern>false</DictionaryPattern>
              <DictionaryText>true</DictionaryText>
              <UseAutoSettingForWrap>true</UseAutoSettingForWrap>
              <MinWrapColorType>Black</MinWrapColorType>
              <MinWrapColor>-16777216</MinWrapColor>
              <MinWrapStyle>Dotted</MinWrapStyle>
              <MinWrapWidth>1</MinWrapWidth>
              <MaxWrapColorType>Black</MaxWrapColorType>
              <MaxWrapColor>-16777216</MaxWrapColor>
              <MaxWrapWidth>1</MaxWrapWidth>
              <MaxWrapStyle>Dotted</MaxWrapStyle>
              <MinWrapFillColorType>None</MinWrapFillColorType>
              <MinWrapFillColor>16777215</MinWrapFillColor>
              <MaxWrapFillColorType>None</MaxWrapFillColorType>
              <MaxWrapFillColor>16777215</MaxWrapFillColor>
            </WellLog2DLogStyle>
            <WellLogHeaderStyle>
              <Droid>://Slb.GeoscienceWindow.Framework.Core.DataSource.CoreDataSource/Type=Slb.GeoscienceWindow.Wellsection.Plugin.Petrel.Styles.WellLogHeaderStyle&amp;id=ac06d62f-d721-4c8c-a698-d841e1f987fc</Droid>
              <UseCustomHeaderText>false</UseCustomHeaderText>
              <CustomHeaderText></CustomHeaderText>
              <ShowSourceForDerived>false</ShowSourceForDerived>
              <HeaderColorFontStyle>
                <HeaderColorFontStyle>
                  <Droid>://Slb.GeoscienceWindow.Framework.Core.DataSource.CoreDataSource/Type=Slb.GeoscienceWindow.Wellsection.Core.Styles.HeaderColorFontStyle&amp;id=12c01af9-b2fb-4454-a07e-5f932c181b94</Droid>
                  <Show>false</Show>
                  <NameFontStyle>
                    <ColoredFontStyle>
                      <Droid>://Slb.GeoscienceWindow.Framework.Core.DataSource.CoreDataSource/Type=Slb.GeoscienceWindow.Wellsection.Core.Styles.ColoredFontStyle&amp;id=e6567f11-9342-4d8f-898c-0c68ae551524</Droid>
                      <Visible>true</Visible>
                      <ColorType>Specified</ColorType>
                      <Color>-16777216</Color>
                      <FontType>
                        <FontType>
                          <Droid>://Slb.GeoscienceWindow.Framework.Core.DataSource.CoreDataSource/Type=Slb.GeoscienceWindow.Framework.Core.Styles.FontType&amp;id=cdb3805a-842c-4889-aef1-bdd7394ee048</Droid>
                          <Size>10</Size>
                          <Bold>false</Bold>
                          <Italics>false</Italics>
                          <Underline>false</Underline>
                        </FontType>
                      </FontType>
                    </ColoredFontStyle>
                  </NameFontStyle>
                  <ScaleFontStyle>
                    <ColoredFontStyle>
                      <Droid>://Slb.GeoscienceWindow.Framework.Core.DataSource.CoreDataSource/Type=Slb.GeoscienceWindow.Wellsection.Core.Styles.ColoredFontStyle&amp;id=6c8d6f54-5717-4f0b-9bb8-53d81b025bbb</Droid>
                      <Visible>true</Visible>
                      <ColorType>Specified</ColorType>
                      <Color>-16777216</Color>
                      <FontType>
                        <FontType>
                          <Droid>://Slb.GeoscienceWindow.Framework.Core.DataSource.CoreDataSource/Type=Slb.GeoscienceWindow.Framework.Core.Styles.FontType&amp;id=6e100530-c5f8-4987-ab15-b3f1e4f2360b</Droid>
                          <Size>6</Size>
                          <Bold>false</Bold>
                          <Italics>false</Italics>
                          <Underline>false</Underline>
                        </FontType>
                      </FontType>
                    </ColoredFontStyle>
                  </ScaleFontStyle>
                  <ColorFillFontStyle>
                    <ColoredFontStyle>
                      <Droid>://Slb.GeoscienceWindow.Framework.Core.DataSource.CoreDataSource/Type=Slb.GeoscienceWindow.Wellsection.Core.Styles.ColoredFontStyle&amp;id=0b12dfa2-edc6-49d1-a9af-b774918f1e37</Droid>
                      <Visible>true</Visible>
                      <ColorType>Specified</ColorType>
                      <Color>-16777216</Color>
                      <FontType>
                        <FontType>
                          <Droid>://Slb.GeoscienceWindow.Framework.Core.DataSource.CoreDataSource/Type=Slb.GeoscienceWindow.Framework.Core.Styles.FontType&amp;id=d1b9e79e-9459-4d7c-b94c-86c9ff72202a</Droid>
                          <Size>6</Size>
                          <Bold>false</Bold>
                          <Italics>false</Italics>
                          <Underline>false</Underline>
                        </FontType>
                      </FontType>
                    </ColoredFontStyle>
                  </ColorFillFontStyle>
                  <Visible>true</Visible>
                </HeaderColorFontStyle>
              </HeaderColorFontStyle>
            </WellLogHeaderStyle>
          </Styles>
          <CustomAttributes />
        </LogFormatTemplate>
      </Children>
      <CustomAttributes />
    </DataTrackFormatTemplate>
    <DataTrackFormatTemplate>
      <Droid>://Slb.GeoscienceWindow.Framework.Core.DataSource.CoreDataSource/Type=Slb.GeoscienceWindow.Wellsection.Core.Templates.DataTrackFormatTemplate&amp;id=56e253e9-bdf2-4c8b-813b-fb54a0fc3a51</Droid>
      <Name>Porosity</Name>
      <Enabled>true</Enabled>
      <NeedToAutoRefreshCandidateList>true</NeedToAutoRefreshCandidateList>
      <AllowedParentTypes>
        <AllowedParentType>BoreholeRootFormatTemplateNode</AllowedParentType>
        <AllowedParentType>DeviatedRootFormatTemplate</AllowedParentType>
      </AllowedParentTypes>
      <Styles>
        <TemplateInfoStyle>
          <Droid>://Slb.GeoscienceWindow.Framework.Core.DataSource.CoreDataSource/Type=Slb.GeoscienceWindow.Wellsection.Core.Styles.TemplateInfoStyle&amp;id=bc8f592f-7e5c-4923-91ea-84e7c1d685c9</Droid>
          <UseAutomaticNamingTag>true</UseAutomaticNamingTag>
          <NameTag>Undef</NameTag>
        </TemplateInfoStyle>
        <TrackSettingsStyle>
          <Droid>://Slb.GeoscienceWindow.Framework.Core.DataSource.CoreDataSource/Type=Slb.GeoscienceWindow.Wellsection.Core.Styles.TrackSettingsStyle&amp;id=3f2d122c-31cd-41fa-8b29-15a61de46a67</Droid>
          <IsDiscreteTrack>false</IsDiscreteTrack>
          <UseTrackWidth>false</UseTrackWidth>
          <TrackWidth>25</TrackWidth>
          <TrackWidthLocked>false</TrackWidthLocked>
          <GridlineType>Linear</GridlineType>
          <ValueLabelType>Cumulative</ValueLabelType>
          <AllowValueLabelOption>false</AllowValueLabelOption>
          <ShowValueLabels>true</ShowValueLabels>
          <UseVerticalLines>true</UseVerticalLines>
          <VerticalLineSpacingType>Auto</VerticalLineSpacingType>
          <VerticalLineIncrement>10</VerticalLineIncrement>
          <VerticalLineDivisions>5</VerticalLineDivisions>
          <UseMajorHorizontalLines>true</UseMajorHorizontalLines>
          <UseMinorHorizontalLines>false</UseMinorHorizontalLines>
          <UseBorderLines>true</UseBorderLines>
          <LineColor>-16777216</LineColor>
          <LineWidth>1</LineWidth>
          <BackgroundColor>-1</BackgroundColor>
          <BackgroundTransparency>0</BackgroundTransparency>
          <EndValue>1</EndValue>
          <DecadeCount>1</DecadeCount>
          <LogScale>1</LogScale>
          <UseMinorLogarithmicVerticalLines>true</UseMinorLogarithmicVerticalLines>
          <LimitMinorLogarithmicVerticalLines>true</LimitMinorLogarithmicVerticalLines>
          <AllowMixedScales>false</AllowMixedScales>
        </TrackSettingsStyle>
        <CurveFillStyle>
          <Droid>://Slb.GeoscienceWindow.Framework.Core.DataSource.CoreDataSource/Type=Slb.GeoscienceWindow.Wellsection.Core.Styles.CurveFillStyle&amp;id=c4fb7a81-9e5e-4bf3-a5fb-6547a1adc1bc</Droid>
          <CurveFillStyleItems />
        </CurveFillStyle>
      </Styles>
      <Children>
        <LogFormatTemplate>
          <Droid>://Slb.GeoscienceWindow.Framework.Core.DataSource.CoreDataSource/Type=Slb.GeoscienceWindow.Wellsection.Plugin.Petrel.Templates.LogFormatTemplate&amp;id=86e24dd8-c54f-4951-864b-5734b6bf7037</Droid>
          <Name>Porosity</Name>
          <Enabled>true</Enabled>
          <NeedToAutoRefreshCandidateList>true</NeedToAutoRefreshCandidateList>
          <AllowedParentTypes>
            <AllowedParentType>DataTrackFormatTemplate</AllowedParentType>
          </AllowedParentTypes>
          <Styles>
            <TemplateInfoStyle>
              <Droid>://Slb.GeoscienceWindow.Framework.Core.DataSource.CoreDataSource/Type=Slb.GeoscienceWindow.Wellsection.Core.Styles.TemplateInfoStyle&amp;id=ebfa7996-f5d0-4442-a6dd-45dd6b90ec1f</Droid>
              <UseAutomaticNamingTag>true</UseAutomaticNamingTag>
              <NameTag>Undef</NameTag>
            </TemplateInfoStyle>
            <WellLogTemplateDefinitionStyle>
              <Droid>://Slb.GeoscienceWindow.Framework.Core.DataSource.CoreDataSource/Type=Slb.GeoscienceWindow.Wellsection.Plugin.Petrel.Styles.TemplateDefinition.WellLogTemplateDefinitionStyle&amp;id=e26617aa-468c-420a-af1f-7e12162ad8a7</Droid>
              <PrimaryDomainObject>V=1&amp;Template.Droid=%3A%2F%2F1d9a2dd1-dd1d-4676-a92e-6057e64d33c2%2F00000014-0000-0000-0000-000000000000&amp;Template.Name=Porosity</PrimaryDomainObject>
              <SecondaryDomainObject></SecondaryDomainObject>
              <TertiaryDomainObject></TertiaryDomainObject>
              <IsTertiaryCheckBoxChecked>false</IsTertiaryCheckBoxChecked>
              <FilterString></FilterString>
              <MatchSimilar>false</MatchSimilar>
              <IsCreatedFromTemplatePage>true</IsCreatedFromTemplatePage>
              <DefinitionEntries />
            </WellLogTemplateDefinitionStyle>
            <WellLogGeneralSettingsStyle>
              <Droid>://Slb.GeoscienceWindow.Framework.Core.DataSource.CoreDataSource/Type=Slb.GeoscienceWindow.Wellsection.Plugin.Petrel.Styles.WellLogGeneralSettingsStyle&amp;id=800a5c78-9313-4d9b-b6b0-90d946c1b1a3</Droid>
              <CurveLimitMethod>Auto</CurveLimitMethod>
              <UseMinValue>true</UseMinValue>
              <UseMaxValue>true</UseMaxValue>
              <MinValue>0</MinValue>
              <MaxValue>0.5</MaxValue>
              <Direction>Normal</Direction>
              <WrapLog>None</WrapLog>
            </WellLogGeneralSettingsStyle>
            <WellLog2DLogStyle>
              <Droid>://Slb.GeoscienceWindow.Framework.Core.DataSource.CoreDataSource/Type=Slb.GeoscienceWindow.Wellsection.Plugin.Petrel.Styles.WellLog2DLogStyle&amp;id=8c2d487b-c4df-4a29-863e-abe3d402d207</Droid>
              <DisplayMode>Line</DisplayMode>
              <LineColorType>Other</LineColorType>
              <LineColor>-3371008</LineColor>
              <LineWidth>1</LineWidth>
              <LineType>Solid</LineType>
              <BlockCurve>NONE</BlockCurve>
              <PointColorType>Black</PointColorType>
              <PointColor>-65536</PointColor>
              <PointColorAttributeDroid>://empty/empty</PointColorAttributeDroid>
              <FillSymbolWithDiscretePattern>false</FillSymbolWithDiscretePattern>
              <PointsSize>5</PointsSize>
              <PointsSymbol>Circle</PointsSymbol>
              <DictionaryBorder>true</DictionaryBorder>
              <DictionaryColorFill>true</DictionaryColorFill>
              <DictionaryPattern>false</DictionaryPattern>
              <DictionaryText>true</DictionaryText>
              <UseAutoSettingForWrap>true</UseAutoSettingForWrap>
              <MinWrapColorType>Black</MinWrapColorType>
              <MinWrapColor>-16777216</MinWrapColor>
              <MinWrapStyle>Dotted</MinWrapStyle>
              <MinWrapWidth>1</MinWrapWidth>
              <MaxWrapColorType>Black</MaxWrapColorType>
              <MaxWrapColor>-16777216</MaxWrapColor>
              <MaxWrapWidth>1</MaxWrapWidth>
              <MaxWrapStyle>Dotted</MaxWrapStyle>
              <MinWrapFillColorType>None</MinWrapFillColorType>
              <MinWrapFillColor>16777215</MinWrapFillColor>
              <MaxWrapFillColorType>None</MaxWrapFillColorType>
              <MaxWrapFillColor>16777215</MaxWrapFillColor>
            </WellLog2DLogStyle>
            <WellLogHeaderStyle>
              <Droid>://Slb.GeoscienceWindow.Framework.Core.DataSource.CoreDataSource/Type=Slb.GeoscienceWindow.Wellsection.Plugin.Petrel.Styles.WellLogHeaderStyle&amp;id=48609a6c-9bde-4f68-b93d-fa8cf87bffaa</Droid>
              <UseCustomHeaderText>false</UseCustomHeaderText>
              <CustomHeaderText></CustomHeaderText>
              <ShowSourceForDerived>false</ShowSourceForDerived>
              <HeaderColorFontStyle>
                <HeaderColorFontStyle>
                  <Droid>://Slb.GeoscienceWindow.Framework.Core.DataSource.CoreDataSource/Type=Slb.GeoscienceWindow.Wellsection.Core.Styles.HeaderColorFontStyle&amp;id=a69713ba-2965-4616-a2da-51936d2834c4</Droid>
                  <Show>false</Show>
                  <NameFontStyle>
                    <ColoredFontStyle>
                      <Droid>://Slb.GeoscienceWindow.Framework.Core.DataSource.CoreDataSource/Type=Slb.GeoscienceWindow.Wellsection.Core.Styles.ColoredFontStyle&amp;id=a82597b4-2f2e-41da-901c-30a83bafe8f8</Droid>
                      <Visible>true</Visible>
                      <ColorType>Specified</ColorType>
                      <Color>-16777216</Color>
                      <FontType>
                        <FontType>
                          <Droid>://Slb.GeoscienceWindow.Framework.Core.DataSource.CoreDataSource/Type=Slb.GeoscienceWindow.Framework.Core.Styles.FontType&amp;id=8aa18410-7be4-4949-82c6-320f11c1328b</Droid>
                          <Size>10</Size>
                          <Bold>false</Bold>
                          <Italics>false</Italics>
                          <Underline>false</Underline>
                        </FontType>
                      </FontType>
                    </ColoredFontStyle>
                  </NameFontStyle>
                  <ScaleFontStyle>
                    <ColoredFontStyle>
                      <Droid>://Slb.GeoscienceWindow.Framework.Core.DataSource.CoreDataSource/Type=Slb.GeoscienceWindow.Wellsection.Core.Styles.ColoredFontStyle&amp;id=6e414be0-6ba5-4d5e-8c5c-6d36372a73fd</Droid>
                      <Visible>true</Visible>
                      <ColorType>Specified</ColorType>
                      <Color>-16777216</Color>
                      <FontType>
                        <FontType>
                          <Droid>://Slb.GeoscienceWindow.Framework.Core.DataSource.CoreDataSource/Type=Slb.GeoscienceWindow.Framework.Core.Styles.FontType&amp;id=7f664ce0-fef5-46c3-bd08-d393fa38f1a7</Droid>
                          <Size>6</Size>
                          <Bold>false</Bold>
                          <Italics>false</Italics>
                          <Underline>false</Underline>
                        </FontType>
                      </FontType>
                    </ColoredFontStyle>
                  </ScaleFontStyle>
                  <ColorFillFontStyle>
                    <ColoredFontStyle>
                      <Droid>://Slb.GeoscienceWindow.Framework.Core.DataSource.CoreDataSource/Type=Slb.GeoscienceWindow.Wellsection.Core.Styles.ColoredFontStyle&amp;id=bb102f09-ab9c-49b1-9d3a-d0ba8004dcfd</Droid>
                      <Visible>true</Visible>
                      <ColorType>Specified</ColorType>
                      <Color>-16777216</Color>
                      <FontType>
                        <FontType>
                          <Droid>://Slb.GeoscienceWindow.Framework.Core.DataSource.CoreDataSource/Type=Slb.GeoscienceWindow.Framework.Core.Styles.FontType&amp;id=87bf062e-7371-4144-9175-3d82f9ce1c01</Droid>
                          <Size>6</Size>
                          <Bold>false</Bold>
                          <Italics>false</Italics>
                          <Underline>false</Underline>
                        </FontType>
                      </FontType>
                    </ColoredFontStyle>
                  </ColorFillFontStyle>
                  <Visible>true</Visible>
                </HeaderColorFontStyle>
              </HeaderColorFontStyle>
            </WellLogHeaderStyle>
          </Styles>
          <CustomAttributes />
        </LogFormatTemplate>
      </Children>
      <CustomAttributes />
    </DataTrackFormatTemplate>
  </DeviatedTemplateItems>
  <Color>LightBlue</Color>
  <Comment>Well section template</Comment>
</FormatTemplate>