<?xml version="1.0"?>
<ArrayOfMapCollateralDataItem xmlns:xsd="http://www.w3.org/2001/XMLSchema" xmlns:xsi="http://www.w3.org/2001/XMLSchema-instance">
  <MapCollateralDataItem FileName="Petrosys map collateral">
    <Version>Petrel 2021.1</Version>
    <Id>e13b6eed-d8ff-4852-b468-1562c6844718</Id>
    <DataSourceId>Petrosys.MapCollateralDataSource</DataSourceId>
    <CollateralType>0</CollateralType>
    <Data />
    <UserName>MCS\cwil0128</UserName>
    <Time>2025-10-04T00:55:46.282392Z</Time>
    <Parent>://empty/empty</Parent>
    <Children />
  </MapCollateralDataItem>
</ArrayOfMapCollateralDataItem>