<?xml version="1.0"?>
<ArrayOfMapTemplateDataItem xmlns:xsd="http://www.w3.org/2001/XMLSchema" xmlns:xsi="http://www.w3.org/2001/XMLSchema-instance">
  <MapTemplateDataItem Name="Petrosys map templates">
    <Version>Petrel 2021.1</Version>
    <Id>4af3f40d-ba0a-47e1-870d-5f31ec7b49b2</Id>
    <DataSourceId>Petrosys.MapTemplateDataSource</DataSourceId>
    <TemplateType>0</TemplateType>
    <Data />
    <UserName>MCS\cwil0128</UserName>
    <Time>2025-10-04T00:55:46.2869967Z</Time>
    <Parent>://empty/empty</Parent>
    <Children />
  </MapTemplateDataItem>
</ArrayOfMapTemplateDataItem>