<?xml version="1.0"?>
<ModelingDataSource Type="IDataSource" Version="4.1">
  <LastId>0</LastId>
  <StructuralModelCollectionImpl Type="IDomainObjectImpl" Version="4.1">
    <DroidString>://StructuralModelingData/Type=IStructuralModelCollectionImpl&amp;Id=d8f47e68511846bdb0beadbb6003cea2</DroidString>
    <ModelingEntityId>d8f47e68511846bdb0beadbb6003cea2</ModelingEntityId>
    <Name>Structural modeling root Saturday 10/04/2025 10:55:46</Name>
    <Color>0</Color>
    <LastModificationTime>638951721462570930</LastModificationTime>
    <LastModificationUser>cwil0128</LastModificationUser>
  </StructuralModelCollectionImpl>
</ModelingDataSource>